path,prediction
D:\Coding\PathInsights\mcguire_afb_pole\Resource folders\Archive\day 1 set 1\ApplicationFrameHost_140624_as.png,7
D:\Coding\PathInsights\mcguire_afb_pole\Resource folders\Archive\day 1 set 1\ApplicationFrameHost_140629_as.png,11
D:\Coding\PathInsights\mcguire_afb_pole\Resource folders\Archive\day 1 set 1\ApplicationFrameHost_140634_as.png,9
D:\Coding\PathInsights\mcguire_afb_pole\Resource folders\Archive\day 1 set 1\ApplicationFrameHost_140639_as.png,16
D:\Coding\PathInsights\mcguire_afb_pole\Resource folders\Archive\day 1 set 1\ApplicationFrameHost_140644_as.png,None
D:\Coding\PathInsights\mcguire_afb_pole\Resource folders\Archive\day 1 set 1\ApplicationFrameHost_140649_as.png,14
D:\Coding\PathInsights\mcguire_afb_pole\Resource folders\Archive\day 1 set 1\ApplicationFrameHost_140654_as.png,18
D:\Coding\PathInsights\mcguire_afb_pole\Resource folders\Archive\day 1 set 1\ApplicationFrameHost_140659_as.png,17
D:\Coding\PathInsights\mcguire_afb_pole\Resource folders\Archive\day 1 set 1\ApplicationFrameHost_140704_as.png,18
D:\Coding\PathInsights\mcguire_afb_pole\Resource folders\Archive\day 1 set 1\ApplicationFrameHost_140709_as.png,21
D:\Coding\PathInsights\mcguire_afb_pole\Resource folders\Archive\day 1 set 1\ApplicationFrameHost_140714_as.png,21
D:\Coding\PathInsights\mcguire_afb_pole\Resource folders\Archive\day 1 set 1\ApplicationFrameHost_140719_as.png,23
D:\Coding\PathInsights\mcguire_afb_pole\Resource folders\Archive\day 1 set 1\ApplicationFrameHost_140724_as.png,20
D:\Coding\PathInsights\mcguire_afb_pole\Resource folders\Archive\day 1 set 1\ApplicationFrameHost_140729_as.png,16
D:\Coding\PathInsights\mcguire_afb_pole\Resource folders\Archive\day 1 set 1\ApplicationFrameHost_140734_as.png,17
D:\Coding\PathInsights\mcguire_afb_pole\Resource folders\Archive\day 1 set 1\ApplicationFrameHost_140739_as.png,18
D:\Coding\PathInsights\mcguire_afb_pole\Resource folders\Archive\day 1 set 1\ApplicationFrameHost_140744_as.png,21
D:\Coding\PathInsights\mcguire_afb_pole\Resource folders\Archive\day 1 set 1\ApplicationFrameHost_140749_as.png,18
D:\Coding\PathInsights\mcguire_afb_pole\Resource folders\Archive\day 1 set 1\ApplicationFrameHost_140754_as.png,17
D:\Coding\PathInsights\mcguire_afb_pole\Resource folders\Archive\day 1 set 1\ApplicationFrameHost_140759_as.png,19
D:\Coding\PathInsights\mcguire_afb_pole\Resource folders\Archive\day 1 set 1\ApplicationFrameHost_140804_as.png,20
D:\Coding\PathInsights\mcguire_afb_pole\Resource folders\Archive\day 1 set 1\ApplicationFrameHost_140809_as.png,20
D:\Coding\PathInsights\mcguire_afb_pole\Resource folders\Archive\day 1 set 1\ApplicationFrameHost_140814_as.png,19
D:\Coding\PathInsights\mcguire_afb_pole\Resource folders\Archive\day 1 set 1\ApplicationFrameHost_140819_as.png,18
D:\Coding\PathInsights\mcguire_afb_pole\Resource folders\Archive\day 1 set 1\ApplicationFrameHost_140824_as.png,19
D:\Coding\PathInsights\mcguire_afb_pole\Resource folders\Archive\day 1 set 1\ApplicationFrameHost_140829_as.png,18
D:\Coding\PathInsights\mcguire_afb_pole\Resource folders\Archive\day 1 set 1\ApplicationFrameHost_140834_as.png,17
D:\Coding\PathInsights\mcguire_afb_pole\Resource folders\Archive\day 1 set 1\ApplicationFrameHost_140839_as.png,21
D:\Coding\PathInsights\mcguire_afb_pole\Resource folders\Archive\day 1 set 1\ApplicationFrameHost_140844_as.png,17
D:\Coding\PathInsights\mcguire_afb_pole\Resource folders\Archive\day 1 set 1\ApplicationFrameHost_140849_as.png,16
D:\Coding\PathInsights\mcguire_afb_pole\Resource folders\Archive\day 1 set 1\ApplicationFrameHost_140854_as.png,18
D:\Coding\PathInsights\mcguire_afb_pole\Resource folders\Archive\day 1 set 1\ApplicationFrameHost_140859_as.png,16
D:\Coding\PathInsights\mcguire_afb_pole\Resource folders\Archive\day 1 set 1\ApplicationFrameHost_140904_as.png,15
D:\Coding\PathInsights\mcguire_afb_pole\Resource folders\Archive\day 1 set 1\ApplicationFrameHost_140909_as.png,17
D:\Coding\PathInsights\mcguire_afb_pole\Resource folders\Archive\day 1 set 1\ApplicationFrameHost_140914_as.png,16
D:\Coding\PathInsights\mcguire_afb_pole\Resource folders\Archive\day 1 set 1\ApplicationFrameHost_140919_as.png,19
D:\Coding\PathInsights\mcguire_afb_pole\Resource folders\Archive\day 1 set 1\ApplicationFrameHost_140924_as.png,18
D:\Coding\PathInsights\mcguire_afb_pole\Resource folders\Archive\day 1 set 1\ApplicationFrameHost_140929_as.png,17
D:\Coding\PathInsights\mcguire_afb_pole\Resource folders\Archive\day 1 set 1\ApplicationFrameHost_140934_as.png,22
D:\Coding\PathInsights\mcguire_afb_pole\Resource folders\Archive\day 1 set 1\ApplicationFrameHost_140939_as.png,20
D:\Coding\PathInsights\mcguire_afb_pole\Resource folders\Archive\day 1 set 1\ApplicationFrameHost_140944_as.png,17
D:\Coding\PathInsights\mcguire_afb_pole\Resource folders\Archive\day 1 set 1\ApplicationFrameHost_140949_as.png,12
D:\Coding\PathInsights\mcguire_afb_pole\Resource folders\Archive\day 1 set 1\ApplicationFrameHost_140954_as.png,16
D:\Coding\PathInsights\mcguire_afb_pole\Resource folders\Archive\day 1 set 1\ApplicationFrameHost_140959_as.png,23
D:\Coding\PathInsights\mcguire_afb_pole\Resource folders\Archive\day 1 set 1\ApplicationFrameHost_141004_as.png,24
D:\Coding\PathInsights\mcguire_afb_pole\Resource folders\Archive\day 1 set 1\ApplicationFrameHost_141009_as.png,22
D:\Coding\PathInsights\mcguire_afb_pole\Resource folders\Archive\day 1 set 1\ApplicationFrameHost_141014_as.png,19
D:\Coding\PathInsights\mcguire_afb_pole\Resource folders\Archive\day 1 set 1\ApplicationFrameHost_141019_as.png,17
D:\Coding\PathInsights\mcguire_afb_pole\Resource folders\Archive\day 1 set 1\ApplicationFrameHost_141024_as.png,22
D:\Coding\PathInsights\mcguire_afb_pole\Resource folders\Archive\day 1 set 1\ApplicationFrameHost_141029_as.png,19
D:\Coding\PathInsights\mcguire_afb_pole\Resource folders\Archive\day 1 set 1\ApplicationFrameHost_141034_as.png,19
D:\Coding\PathInsights\mcguire_afb_pole\Resource folders\Archive\day 1 set 1\ApplicationFrameHost_141039_as.png,18
D:\Coding\PathInsights\mcguire_afb_pole\Resource folders\Archive\day 1 set 1\ApplicationFrameHost_141044_as.png,22
D:\Coding\PathInsights\mcguire_afb_pole\Resource folders\Archive\day 1 set 1\ApplicationFrameHost_141049_as.png,23
D:\Coding\PathInsights\mcguire_afb_pole\Resource folders\Archive\day 1 set 1\ApplicationFrameHost_141054_as.png,18
D:\Coding\PathInsights\mcguire_afb_pole\Resource folders\Archive\day 1 set 1\ApplicationFrameHost_141059_as.png,18
D:\Coding\PathInsights\mcguire_afb_pole\Resource folders\Archive\day 1 set 1\ApplicationFrameHost_141104_as.png,16
D:\Coding\PathInsights\mcguire_afb_pole\Resource folders\Archive\day 1 set 1\ApplicationFrameHost_141109_as.png,14
D:\Coding\PathInsights\mcguire_afb_pole\Resource folders\Archive\day 1 set 1\ApplicationFrameHost_141114_as.png,16
D:\Coding\PathInsights\mcguire_afb_pole\Resource folders\Archive\day 1 set 1\ApplicationFrameHost_141119_as.png,17
D:\Coding\PathInsights\mcguire_afb_pole\Resource folders\Archive\day 1 set 2\ApplicationFrameHost_204312_as.png,12
D:\Coding\PathInsights\mcguire_afb_pole\Resource folders\Archive\day 1 set 2\ApplicationFrameHost_204317_as.png,13
D:\Coding\PathInsights\mcguire_afb_pole\Resource folders\Archive\day 1 set 2\ApplicationFrameHost_204322_as.png,11
D:\Coding\PathInsights\mcguire_afb_pole\Resource folders\Archive\day 1 set 2\ApplicationFrameHost_204327_as.png,13
D:\Coding\PathInsights\mcguire_afb_pole\Resource folders\Archive\day 1 set 2\ApplicationFrameHost_204332_as.png,11
D:\Coding\PathInsights\mcguire_afb_pole\Resource folders\Archive\day 1 set 2\ApplicationFrameHost_204337_as.png,11
D:\Coding\PathInsights\mcguire_afb_pole\Resource folders\Archive\day 1 set 2\ApplicationFrameHost_204342_as.png,10
D:\Coding\PathInsights\mcguire_afb_pole\Resource folders\Archive\day 1 set 2\ApplicationFrameHost_204347_as.png,7
D:\Coding\PathInsights\mcguire_afb_pole\Resource folders\Archive\day 1 set 2\ApplicationFrameHost_204352_as.png,8
D:\Coding\PathInsights\mcguire_afb_pole\Resource folders\Archive\day 1 set 2\ApplicationFrameHost_204357_as.png,9
D:\Coding\PathInsights\mcguire_afb_pole\Resource folders\Archive\day 1 set 2\ApplicationFrameHost_204402_as.png,11
D:\Coding\PathInsights\mcguire_afb_pole\Resource folders\Archive\day 1 set 2\ApplicationFrameHost_204407_as.png,12
D:\Coding\PathInsights\mcguire_afb_pole\Resource folders\Archive\day 1 set 2\ApplicationFrameHost_204412_as.png,12
D:\Coding\PathInsights\mcguire_afb_pole\Resource folders\Archive\day 1 set 2\ApplicationFrameHost_204417_as.png,13
D:\Coding\PathInsights\mcguire_afb_pole\Resource folders\Archive\day 1 set 2\ApplicationFrameHost_204422_as.png,10
D:\Coding\PathInsights\mcguire_afb_pole\Resource folders\Archive\day 1 set 2\ApplicationFrameHost_204427_as.png,9
D:\Coding\PathInsights\mcguire_afb_pole\Resource folders\Archive\day 1 set 2\ApplicationFrameHost_204432_as.png,9
D:\Coding\PathInsights\mcguire_afb_pole\Resource folders\Archive\day 1 set 2\ApplicationFrameHost_204437_as.png,10
D:\Coding\PathInsights\mcguire_afb_pole\Resource folders\Archive\day 1 set 2\ApplicationFrameHost_204442_as.png,11
D:\Coding\PathInsights\mcguire_afb_pole\Resource folders\Archive\day 1 set 2\ApplicationFrameHost_204447_as.png,11
D:\Coding\PathInsights\mcguire_afb_pole\Resource folders\Archive\day 1 set 2\ApplicationFrameHost_204452_as.png,12
D:\Coding\PathInsights\mcguire_afb_pole\Resource folders\Archive\day 1 set 2\ApplicationFrameHost_204457_as.png,13
D:\Coding\PathInsights\mcguire_afb_pole\Resource folders\Archive\day 1 set 2\ApplicationFrameHost_204502_as.png,12
D:\Coding\PathInsights\mcguire_afb_pole\Resource folders\Archive\day 1 set 2\ApplicationFrameHost_204507_as.png,13
D:\Coding\PathInsights\mcguire_afb_pole\Resource folders\Archive\day 1 set 2\ApplicationFrameHost_204512_as.png,11
D:\Coding\PathInsights\mcguire_afb_pole\Resource folders\Archive\day 1 set 2\ApplicationFrameHost_204517_as.png,11
D:\Coding\PathInsights\mcguire_afb_pole\Resource folders\Archive\day 1 set 2\ApplicationFrameHost_204522_as.png,10
D:\Coding\PathInsights\mcguire_afb_pole\Resource folders\Archive\day 1 set 2\ApplicationFrameHost_204527_as.png,9
D:\Coding\PathInsights\mcguire_afb_pole\Resource folders\Archive\day 1 set 2\ApplicationFrameHost_204532_as.png,None
D:\Coding\PathInsights\mcguire_afb_pole\Resource folders\Archive\day 1 set 2\ApplicationFrameHost_204537_as.png,12
D:\Coding\PathInsights\mcguire_afb_pole\Resource folders\Archive\day 1 set 2\ApplicationFrameHost_204542_as.png,12
D:\Coding\PathInsights\mcguire_afb_pole\Resource folders\Archive\day 1 set 2\ApplicationFrameHost_204547_as.png,12
D:\Coding\PathInsights\mcguire_afb_pole\Resource folders\Archive\day 1 set 2\ApplicationFrameHost_204552_as.png,11
D:\Coding\PathInsights\mcguire_afb_pole\Resource folders\Archive\day 1 set 2\ApplicationFrameHost_204557_as.png,11
D:\Coding\PathInsights\mcguire_afb_pole\Resource folders\Archive\day 1 set 2\ApplicationFrameHost_204602_as.png,9
D:\Coding\PathInsights\mcguire_afb_pole\Resource folders\Archive\day 1 set 2\ApplicationFrameHost_204607_as.png,9
D:\Coding\PathInsights\mcguire_afb_pole\Resource folders\Archive\day 1 set 2\ApplicationFrameHost_204612_as.png,12
D:\Coding\PathInsights\mcguire_afb_pole\Resource folders\Archive\day 1 set 2\ApplicationFrameHost_204617_as.png,10
D:\Coding\PathInsights\mcguire_afb_pole\Resource folders\Archive\day 1 set 2\ApplicationFrameHost_204622_as.png,11
D:\Coding\PathInsights\mcguire_afb_pole\Resource folders\Archive\day 1 set 2\ApplicationFrameHost_204627_as.png,12
D:\Coding\PathInsights\mcguire_afb_pole\Resource folders\Archive\day 1 set 2\ApplicationFrameHost_204632_as.png,12
D:\Coding\PathInsights\mcguire_afb_pole\Resource folders\Archive\day 1 set 2\ApplicationFrameHost_204637_as.png,11
D:\Coding\PathInsights\mcguire_afb_pole\Resource folders\Archive\day 1 set 2\ApplicationFrameHost_204642_as.png,13
D:\Coding\PathInsights\mcguire_afb_pole\Resource folders\Archive\day 1 set 2\ApplicationFrameHost_204647_as.png,12
D:\Coding\PathInsights\mcguire_afb_pole\Resource folders\Archive\day 1 set 2\ApplicationFrameHost_204652_as.png,11
D:\Coding\PathInsights\mcguire_afb_pole\Resource folders\Archive\day 1 set 2\ApplicationFrameHost_204657_as.png,11
D:\Coding\PathInsights\mcguire_afb_pole\Resource folders\Archive\day 1 set 2\ApplicationFrameHost_204702_as.png,9
D:\Coding\PathInsights\mcguire_afb_pole\Resource folders\Archive\day 1 set 2\ApplicationFrameHost_204707_as.png,10
D:\Coding\PathInsights\mcguire_afb_pole\Resource folders\Archive\day 1 set 2\ApplicationFrameHost_204712_as.png,9
D:\Coding\PathInsights\mcguire_afb_pole\Resource folders\Archive\day 1 set 2\ApplicationFrameHost_204717_as.png,6
D:\Coding\PathInsights\mcguire_afb_pole\Resource folders\Archive\day 1 set 2\ApplicationFrameHost_204722_as.png,7
D:\Coding\PathInsights\mcguire_afb_pole\Resource folders\Archive\day 1 set 2\ApplicationFrameHost_204727_as.png,9
D:\Coding\PathInsights\mcguire_afb_pole\Resource folders\Archive\day 1 set 2\ApplicationFrameHost_204732_as.png,9
D:\Coding\PathInsights\mcguire_afb_pole\Resource folders\Archive\day 1 set 2\ApplicationFrameHost_204737_as.png,9
D:\Coding\PathInsights\mcguire_afb_pole\Resource folders\Archive\day 1 set 2\ApplicationFrameHost_204742_as.png,8
D:\Coding\PathInsights\mcguire_afb_pole\Resource folders\Archive\day 1 set 2\ApplicationFrameHost_204747_as.png,11
D:\Coding\PathInsights\mcguire_afb_pole\Resource folders\Archive\day 1 set 2\ApplicationFrameHost_204752_as.png,12
D:\Coding\PathInsights\mcguire_afb_pole\Resource folders\Archive\day 1 set 2\ApplicationFrameHost_204757_as.png,12
D:\Coding\PathInsights\mcguire_afb_pole\Resource folders\Archive\day 1 set 2\ApplicationFrameHost_204802_as.png,11
D:\Coding\PathInsights\mcguire_afb_pole\Resource folders\Archive\day 2 set 1\ApplicationFrameHost_010459_as.png,None
D:\Coding\PathInsights\mcguire_afb_pole\Resource folders\Archive\day 2 set 1\ApplicationFrameHost_010504_as.png,5
D:\Coding\PathInsights\mcguire_afb_pole\Resource folders\Archive\day 2 set 1\ApplicationFrameHost_010509_as.png,5
D:\Coding\PathInsights\mcguire_afb_pole\Resource folders\Archive\day 2 set 1\ApplicationFrameHost_010514_as.png,4
D:\Coding\PathInsights\mcguire_afb_pole\Resource folders\Archive\day 2 set 1\ApplicationFrameHost_010519_as.png,3
D:\Coding\PathInsights\mcguire_afb_pole\Resource folders\Archive\day 2 set 1\ApplicationFrameHost_010524_as.png,2
D:\Coding\PathInsights\mcguire_afb_pole\Resource folders\Archive\day 2 set 1\ApplicationFrameHost_010529_as.png,2
D:\Coding\PathInsights\mcguire_afb_pole\Resource folders\Archive\day 2 set 1\ApplicationFrameHost_010534_as.png,1
D:\Coding\PathInsights\mcguire_afb_pole\Resource folders\Archive\day 2 set 1\ApplicationFrameHost_010539_as.png,1
D:\Coding\PathInsights\mcguire_afb_pole\Resource folders\Archive\day 2 set 1\ApplicationFrameHost_010544_as.png,1
D:\Coding\PathInsights\mcguire_afb_pole\Resource folders\Archive\day 2 set 1\ApplicationFrameHost_010549_as.png,1
D:\Coding\PathInsights\mcguire_afb_pole\Resource folders\Archive\day 2 set 1\ApplicationFrameHost_010554_as.png,0
D:\Coding\PathInsights\mcguire_afb_pole\Resource folders\Archive\day 2 set 1\ApplicationFrameHost_010559_as.png,0
D:\Coding\PathInsights\mcguire_afb_pole\Resource folders\Archive\day 2 set 1\ApplicationFrameHost_010604_as.png,0
D:\Coding\PathInsights\mcguire_afb_pole\Resource folders\Archive\day 2 set 1\ApplicationFrameHost_010609_as.png,1
D:\Coding\PathInsights\mcguire_afb_pole\Resource folders\Archive\day 2 set 1\ApplicationFrameHost_010614_as.png,2
D:\Coding\PathInsights\mcguire_afb_pole\Resource folders\Archive\day 2 set 1\ApplicationFrameHost_010619_as.png,3
D:\Coding\PathInsights\mcguire_afb_pole\Resource folders\Archive\day 2 set 1\ApplicationFrameHost_010624_as.png,2
D:\Coding\PathInsights\mcguire_afb_pole\Resource folders\Archive\day 2 set 1\ApplicationFrameHost_010629_as.png,3
D:\Coding\PathInsights\mcguire_afb_pole\Resource folders\Archive\day 2 set 1\ApplicationFrameHost_010634_as.png,3
D:\Coding\PathInsights\mcguire_afb_pole\Resource folders\Archive\day 2 set 1\ApplicationFrameHost_010640_as.png,2
D:\Coding\PathInsights\mcguire_afb_pole\Resource folders\Archive\day 2 set 1\ApplicationFrameHost_010644_as.png,2
D:\Coding\PathInsights\mcguire_afb_pole\Resource folders\Archive\day 2 set 1\ApplicationFrameHost_010650_as.png,2
D:\Coding\PathInsights\mcguire_afb_pole\Resource folders\Archive\day 2 set 1\ApplicationFrameHost_010655_as.png,1
D:\Coding\PathInsights\mcguire_afb_pole\Resource folders\Archive\day 2 set 1\ApplicationFrameHost_010700_as.png,1
D:\Coding\PathInsights\mcguire_afb_pole\Resource folders\Archive\day 2 set 1\ApplicationFrameHost_010705_as.png,3
D:\Coding\PathInsights\mcguire_afb_pole\Resource folders\Archive\day 2 set 1\ApplicationFrameHost_010710_as.png,3
D:\Coding\PathInsights\mcguire_afb_pole\Resource folders\Archive\day 2 set 1\ApplicationFrameHost_010715_as.png,4
D:\Coding\PathInsights\mcguire_afb_pole\Resource folders\Archive\day 2 set 1\ApplicationFrameHost_010720_as.png,7
D:\Coding\PathInsights\mcguire_afb_pole\Resource folders\Archive\day 2 set 1\ApplicationFrameHost_010725_as.png,5
D:\Coding\PathInsights\mcguire_afb_pole\Resource folders\Archive\day 2 set 1\ApplicationFrameHost_010730_as.png,3
D:\Coding\PathInsights\mcguire_afb_pole\Resource folders\Archive\day 2 set 1\ApplicationFrameHost_010735_as.png,2
D:\Coding\PathInsights\mcguire_afb_pole\Resource folders\Archive\day 2 set 1\ApplicationFrameHost_010740_as.png,2
D:\Coding\PathInsights\mcguire_afb_pole\Resource folders\Archive\day 2 set 1\ApplicationFrameHost_010745_as.png,2
D:\Coding\PathInsights\mcguire_afb_pole\Resource folders\Archive\day 2 set 1\ApplicationFrameHost_010750_as.png,3
D:\Coding\PathInsights\mcguire_afb_pole\Resource folders\Archive\day 2 set 1\ApplicationFrameHost_010755_as.png,3
D:\Coding\PathInsights\mcguire_afb_pole\Resource folders\Archive\day 2 set 1\ApplicationFrameHost_010800_as.png,4
D:\Coding\PathInsights\mcguire_afb_pole\Resource folders\Archive\day 2 set 1\ApplicationFrameHost_010805_as.png,3
D:\Coding\PathInsights\mcguire_afb_pole\Resource folders\Archive\day 2 set 1\ApplicationFrameHost_010810_as.png,6
D:\Coding\PathInsights\mcguire_afb_pole\Resource folders\Archive\day 2 set 1\ApplicationFrameHost_010815_as.png,6
D:\Coding\PathInsights\mcguire_afb_pole\Resource folders\Archive\day 2 set 1\ApplicationFrameHost_010820_as.png,3
D:\Coding\PathInsights\mcguire_afb_pole\Resource folders\Archive\day 2 set 1\ApplicationFrameHost_010825_as.png,3
D:\Coding\PathInsights\mcguire_afb_pole\Resource folders\Archive\day 2 set 1\ApplicationFrameHost_010830_as.png,3
D:\Coding\PathInsights\mcguire_afb_pole\Resource folders\Archive\day 2 set 1\ApplicationFrameHost_010835_as.png,None
D:\Coding\PathInsights\mcguire_afb_pole\Resource folders\Archive\day 2 set 1\ApplicationFrameHost_010840_as.png,3
D:\Coding\PathInsights\mcguire_afb_pole\Resource folders\Archive\day 2 set 1\ApplicationFrameHost_010845_as.png,3
D:\Coding\PathInsights\mcguire_afb_pole\Resource folders\Archive\day 2 set 1\ApplicationFrameHost_010850_as.png,3
D:\Coding\PathInsights\mcguire_afb_pole\Resource folders\Archive\day 2 set 1\ApplicationFrameHost_010855_as.png,2
D:\Coding\PathInsights\mcguire_afb_pole\Resource folders\Archive\day 2 set 1\ApplicationFrameHost_010900_as.png,2
D:\Coding\PathInsights\mcguire_afb_pole\Resource folders\Archive\day 2 set 1\ApplicationFrameHost_010905_as.png,2
D:\Coding\PathInsights\mcguire_afb_pole\Resource folders\Archive\day 2 set 1\ApplicationFrameHost_010910_as.png,3
D:\Coding\PathInsights\mcguire_afb_pole\Resource folders\Archive\day 2 set 1\ApplicationFrameHost_010915_as.png,4
D:\Coding\PathInsights\mcguire_afb_pole\Resource folders\Archive\day 2 set 1\ApplicationFrameHost_010920_as.png,8
D:\Coding\PathInsights\mcguire_afb_pole\Resource folders\Archive\day 2 set 1\ApplicationFrameHost_010925_as.png,3
D:\Coding\PathInsights\mcguire_afb_pole\Resource folders\Archive\day 2 set 1\ApplicationFrameHost_010930_as.png,4
D:\Coding\PathInsights\mcguire_afb_pole\Resource folders\Archive\day 2 set 1\ApplicationFrameHost_010935_as.png,3
D:\Coding\PathInsights\mcguire_afb_pole\Resource folders\Archive\day 2 set 1\ApplicationFrameHost_010940_as.png,3
D:\Coding\PathInsights\mcguire_afb_pole\Resource folders\Archive\day 2 set 1\ApplicationFrameHost_010945_as.png,3
D:\Coding\PathInsights\mcguire_afb_pole\Resource folders\Archive\day 2 set 1\ApplicationFrameHost_010950_as.png,1
D:\Coding\PathInsights\mcguire_afb_pole\Resource folders\Archive\day 2 set 1\ApplicationFrameHost_010955_as.png,2
D:\Coding\PathInsights\mcguire_afb_pole\Resource folders\Archive\day 2 set 2\ApplicationFrameHost_132947_as.png,8
D:\Coding\PathInsights\mcguire_afb_pole\Resource folders\Archive\day 2 set 2\ApplicationFrameHost_132952_as.png,4
D:\Coding\PathInsights\mcguire_afb_pole\Resource folders\Archive\day 2 set 2\ApplicationFrameHost_132957_as.png,None
D:\Coding\PathInsights\mcguire_afb_pole\Resource folders\Archive\day 2 set 2\ApplicationFrameHost_133002_as.png,3
D:\Coding\PathInsights\mcguire_afb_pole\Resource folders\Archive\day 2 set 2\ApplicationFrameHost_133007_as.png,3
D:\Coding\PathInsights\mcguire_afb_pole\Resource folders\Archive\day 2 set 2\ApplicationFrameHost_133012_as.png,6
D:\Coding\PathInsights\mcguire_afb_pole\Resource folders\Archive\day 2 set 2\ApplicationFrameHost_133017_as.png,10
D:\Coding\PathInsights\mcguire_afb_pole\Resource folders\Archive\day 2 set 2\ApplicationFrameHost_133022_as.png,7
D:\Coding\PathInsights\mcguire_afb_pole\Resource folders\Archive\day 2 set 2\ApplicationFrameHost_133027_as.png,5
D:\Coding\PathInsights\mcguire_afb_pole\Resource folders\Archive\day 2 set 2\ApplicationFrameHost_133032_as.png,5
D:\Coding\PathInsights\mcguire_afb_pole\Resource folders\Archive\day 2 set 2\ApplicationFrameHost_133037_as.png,7
D:\Coding\PathInsights\mcguire_afb_pole\Resource folders\Archive\day 2 set 2\ApplicationFrameHost_133042_as.png,8
D:\Coding\PathInsights\mcguire_afb_pole\Resource folders\Archive\day 2 set 2\ApplicationFrameHost_133047_as.png,8
D:\Coding\PathInsights\mcguire_afb_pole\Resource folders\Archive\day 2 set 2\ApplicationFrameHost_133052_as.png,4
D:\Coding\PathInsights\mcguire_afb_pole\Resource folders\Archive\day 2 set 2\ApplicationFrameHost_133057_as.png,7
D:\Coding\PathInsights\mcguire_afb_pole\Resource folders\Archive\day 2 set 2\ApplicationFrameHost_133102_as.png,7
D:\Coding\PathInsights\mcguire_afb_pole\Resource folders\Archive\day 2 set 2\ApplicationFrameHost_133107_as.png,8
D:\Coding\PathInsights\mcguire_afb_pole\Resource folders\Archive\day 2 set 2\ApplicationFrameHost_133112_as.png,6
D:\Coding\PathInsights\mcguire_afb_pole\Resource folders\Archive\day 2 set 2\ApplicationFrameHost_133117_as.png,8
D:\Coding\PathInsights\mcguire_afb_pole\Resource folders\Archive\day 2 set 2\ApplicationFrameHost_133122_as.png,4
D:\Coding\PathInsights\mcguire_afb_pole\Resource folders\Archive\day 2 set 2\ApplicationFrameHost_133127_as.png,3
D:\Coding\PathInsights\mcguire_afb_pole\Resource folders\Archive\day 2 set 2\ApplicationFrameHost_133132_as.png,2
D:\Coding\PathInsights\mcguire_afb_pole\Resource folders\Archive\day 2 set 2\ApplicationFrameHost_133137_as.png,3
D:\Coding\PathInsights\mcguire_afb_pole\Resource folders\Archive\day 2 set 2\ApplicationFrameHost_133142_as.png,5
D:\Coding\PathInsights\mcguire_afb_pole\Resource folders\Archive\day 2 set 2\ApplicationFrameHost_133147_as.png,7
D:\Coding\PathInsights\mcguire_afb_pole\Resource folders\Archive\day 2 set 2\ApplicationFrameHost_133152_as.png,5
D:\Coding\PathInsights\mcguire_afb_pole\Resource folders\Archive\day 2 set 2\ApplicationFrameHost_133157_as.png,4
D:\Coding\PathInsights\mcguire_afb_pole\Resource folders\Archive\day 2 set 2\ApplicationFrameHost_133202_as.png,5
D:\Coding\PathInsights\mcguire_afb_pole\Resource folders\Archive\day 2 set 2\ApplicationFrameHost_133207_as.png,3
D:\Coding\PathInsights\mcguire_afb_pole\Resource folders\Archive\day 2 set 2\ApplicationFrameHost_133212_as.png,5
D:\Coding\PathInsights\mcguire_afb_pole\Resource folders\Archive\day 2 set 2\ApplicationFrameHost_133217_as.png,4
D:\Coding\PathInsights\mcguire_afb_pole\Resource folders\Archive\day 2 set 2\ApplicationFrameHost_133222_as.png,10
D:\Coding\PathInsights\mcguire_afb_pole\Resource folders\Archive\day 2 set 2\ApplicationFrameHost_133227_as.png,5
D:\Coding\PathInsights\mcguire_afb_pole\Resource folders\Archive\day 2 set 2\ApplicationFrameHost_133232_as.png,7
D:\Coding\PathInsights\mcguire_afb_pole\Resource folders\Archive\day 2 set 2\ApplicationFrameHost_133237_as.png,7
D:\Coding\PathInsights\mcguire_afb_pole\Resource folders\Archive\day 2 set 2\ApplicationFrameHost_133242_as.png,6
D:\Coding\PathInsights\mcguire_afb_pole\Resource folders\Archive\day 2 set 2\ApplicationFrameHost_133247_as.png,5
D:\Coding\PathInsights\mcguire_afb_pole\Resource folders\Archive\day 2 set 2\ApplicationFrameHost_133252_as.png,5
D:\Coding\PathInsights\mcguire_afb_pole\Resource folders\Archive\day 2 set 2\ApplicationFrameHost_133257_as.png,6
D:\Coding\PathInsights\mcguire_afb_pole\Resource folders\Archive\day 2 set 2\ApplicationFrameHost_133302_as.png,6
D:\Coding\PathInsights\mcguire_afb_pole\Resource folders\Archive\day 2 set 2\ApplicationFrameHost_133307_as.png,4
D:\Coding\PathInsights\mcguire_afb_pole\Resource folders\Archive\day 2 set 2\ApplicationFrameHost_133312_as.png,4
D:\Coding\PathInsights\mcguire_afb_pole\Resource folders\Archive\day 2 set 2\ApplicationFrameHost_133317_as.png,4
D:\Coding\PathInsights\mcguire_afb_pole\Resource folders\Archive\day 2 set 2\ApplicationFrameHost_133322_as.png,10
D:\Coding\PathInsights\mcguire_afb_pole\Resource folders\Archive\day 2 set 2\ApplicationFrameHost_133327_as.png,None
D:\Coding\PathInsights\mcguire_afb_pole\Resource folders\Archive\day 2 set 2\ApplicationFrameHost_133332_as.png,7
D:\Coding\PathInsights\mcguire_afb_pole\Resource folders\Archive\day 2 set 2\ApplicationFrameHost_133337_as.png,4
D:\Coding\PathInsights\mcguire_afb_pole\Resource folders\Archive\day 2 set 2\ApplicationFrameHost_133342_as.png,6
D:\Coding\PathInsights\mcguire_afb_pole\Resource folders\Archive\day 2 set 2\ApplicationFrameHost_133347_as.png,7
D:\Coding\PathInsights\mcguire_afb_pole\Resource folders\Archive\day 2 set 2\ApplicationFrameHost_133352_as.png,5
D:\Coding\PathInsights\mcguire_afb_pole\Resource folders\Archive\day 2 set 2\ApplicationFrameHost_133357_as.png,5
D:\Coding\PathInsights\mcguire_afb_pole\Resource folders\Archive\day 2 set 2\ApplicationFrameHost_133402_as.png,8
D:\Coding\PathInsights\mcguire_afb_pole\Resource folders\Archive\day 2 set 2\ApplicationFrameHost_133407_as.png,5
D:\Coding\PathInsights\mcguire_afb_pole\Resource folders\Archive\day 2 set 2\ApplicationFrameHost_133412_as.png,8
D:\Coding\PathInsights\mcguire_afb_pole\Resource folders\Archive\day 2 set 2\ApplicationFrameHost_133417_as.png,8
D:\Coding\PathInsights\mcguire_afb_pole\Resource folders\Archive\day 2 set 2\ApplicationFrameHost_133422_as.png,5
D:\Coding\PathInsights\mcguire_afb_pole\Resource folders\Archive\day 2 set 2\ApplicationFrameHost_133427_as.png,4
D:\Coding\PathInsights\mcguire_afb_pole\Resource folders\Archive\day 2 set 2\ApplicationFrameHost_133432_as.png,3
D:\Coding\PathInsights\mcguire_afb_pole\Resource folders\Archive\day 2 set 2\ApplicationFrameHost_133437_as.png,4
D:\Coding\PathInsights\mcguire_afb_pole\Resource folders\Archive\day 2 set 2\ApplicationFrameHost_133442_as.png,7
D:\Coding\PathInsights\mcguire_afb_pole\Resource folders\Archive\day 3 set 1\ApplicationFrameHost_030542_as.png,2
D:\Coding\PathInsights\mcguire_afb_pole\Resource folders\Archive\day 3 set 1\ApplicationFrameHost_030547_as.png,2
D:\Coding\PathInsights\mcguire_afb_pole\Resource folders\Archive\day 3 set 1\ApplicationFrameHost_030552_as.png,2
D:\Coding\PathInsights\mcguire_afb_pole\Resource folders\Archive\day 3 set 1\ApplicationFrameHost_030557_as.png,2
D:\Coding\PathInsights\mcguire_afb_pole\Resource folders\Archive\day 3 set 1\ApplicationFrameHost_030602_as.png,2
D:\Coding\PathInsights\mcguire_afb_pole\Resource folders\Archive\day 3 set 1\ApplicationFrameHost_030607_as.png,2
D:\Coding\PathInsights\mcguire_afb_pole\Resource folders\Archive\day 3 set 1\ApplicationFrameHost_030612_as.png,2
D:\Coding\PathInsights\mcguire_afb_pole\Resource folders\Archive\day 3 set 1\ApplicationFrameHost_030617_as.png,2
D:\Coding\PathInsights\mcguire_afb_pole\Resource folders\Archive\day 3 set 1\ApplicationFrameHost_030622_as.png,1
D:\Coding\PathInsights\mcguire_afb_pole\Resource folders\Archive\day 3 set 1\ApplicationFrameHost_030627_as.png,1
D:\Coding\PathInsights\mcguire_afb_pole\Resource folders\Archive\day 3 set 1\ApplicationFrameHost_030632_as.png,1
D:\Coding\PathInsights\mcguire_afb_pole\Resource folders\Archive\day 3 set 1\ApplicationFrameHost_030637_as.png,1
D:\Coding\PathInsights\mcguire_afb_pole\Resource folders\Archive\day 3 set 1\ApplicationFrameHost_030642_as.png,1
D:\Coding\PathInsights\mcguire_afb_pole\Resource folders\Archive\day 3 set 1\ApplicationFrameHost_030647_as.png,1
D:\Coding\PathInsights\mcguire_afb_pole\Resource folders\Archive\day 3 set 1\ApplicationFrameHost_030652_as.png,2
D:\Coding\PathInsights\mcguire_afb_pole\Resource folders\Archive\day 3 set 1\ApplicationFrameHost_030657_as.png,2
D:\Coding\PathInsights\mcguire_afb_pole\Resource folders\Archive\day 3 set 1\ApplicationFrameHost_030702_as.png,2
D:\Coding\PathInsights\mcguire_afb_pole\Resource folders\Archive\day 3 set 1\ApplicationFrameHost_030707_as.png,2
D:\Coding\PathInsights\mcguire_afb_pole\Resource folders\Archive\day 3 set 1\ApplicationFrameHost_030712_as.png,2
D:\Coding\PathInsights\mcguire_afb_pole\Resource folders\Archive\day 3 set 1\ApplicationFrameHost_030717_as.png,2
D:\Coding\PathInsights\mcguire_afb_pole\Resource folders\Archive\day 3 set 1\ApplicationFrameHost_030722_as.png,3
D:\Coding\PathInsights\mcguire_afb_pole\Resource folders\Archive\day 3 set 1\ApplicationFrameHost_030727_as.png,2
D:\Coding\PathInsights\mcguire_afb_pole\Resource folders\Archive\day 3 set 1\ApplicationFrameHost_030732_as.png,2
D:\Coding\PathInsights\mcguire_afb_pole\Resource folders\Archive\day 3 set 1\ApplicationFrameHost_030737_as.png,2
D:\Coding\PathInsights\mcguire_afb_pole\Resource folders\Archive\day 3 set 1\ApplicationFrameHost_030742_as.png,2
D:\Coding\PathInsights\mcguire_afb_pole\Resource folders\Archive\day 3 set 1\ApplicationFrameHost_030747_as.png,2
D:\Coding\PathInsights\mcguire_afb_pole\Resource folders\Archive\day 3 set 1\ApplicationFrameHost_030752_as.png,2
D:\Coding\PathInsights\mcguire_afb_pole\Resource folders\Archive\day 3 set 1\ApplicationFrameHost_030757_as.png,2
D:\Coding\PathInsights\mcguire_afb_pole\Resource folders\Archive\day 3 set 1\ApplicationFrameHost_030802_as.png,2
D:\Coding\PathInsights\mcguire_afb_pole\Resource folders\Archive\day 3 set 1\ApplicationFrameHost_030807_as.png,2
D:\Coding\PathInsights\mcguire_afb_pole\Resource folders\Archive\day 3 set 1\ApplicationFrameHost_030812_as.png,2
D:\Coding\PathInsights\mcguire_afb_pole\Resource folders\Archive\day 3 set 1\ApplicationFrameHost_030817_as.png,2
D:\Coding\PathInsights\mcguire_afb_pole\Resource folders\Archive\day 3 set 1\ApplicationFrameHost_030822_as.png,2
D:\Coding\PathInsights\mcguire_afb_pole\Resource folders\Archive\day 3 set 1\ApplicationFrameHost_030827_as.png,2
D:\Coding\PathInsights\mcguire_afb_pole\Resource folders\Archive\day 3 set 1\ApplicationFrameHost_030832_as.png,3
D:\Coding\PathInsights\mcguire_afb_pole\Resource folders\Archive\day 3 set 1\ApplicationFrameHost_030837_as.png,2
D:\Coding\PathInsights\mcguire_afb_pole\Resource folders\Archive\day 3 set 1\ApplicationFrameHost_030842_as.png,2
D:\Coding\PathInsights\mcguire_afb_pole\Resource folders\Archive\day 3 set 1\ApplicationFrameHost_030847_as.png,2
D:\Coding\PathInsights\mcguire_afb_pole\Resource folders\Archive\day 3 set 1\ApplicationFrameHost_030852_as.png,2
D:\Coding\PathInsights\mcguire_afb_pole\Resource folders\Archive\day 3 set 1\ApplicationFrameHost_030857_as.png,2
D:\Coding\PathInsights\mcguire_afb_pole\Resource folders\Archive\day 3 set 1\ApplicationFrameHost_030902_as.png,2
D:\Coding\PathInsights\mcguire_afb_pole\Resource folders\Archive\day 3 set 1\ApplicationFrameHost_030907_as.png,1
D:\Coding\PathInsights\mcguire_afb_pole\Resource folders\Archive\day 3 set 1\ApplicationFrameHost_030912_as.png,1
D:\Coding\PathInsights\mcguire_afb_pole\Resource folders\Archive\day 3 set 1\ApplicationFrameHost_030917_as.png,1
D:\Coding\PathInsights\mcguire_afb_pole\Resource folders\Archive\day 3 set 1\ApplicationFrameHost_030922_as.png,1
D:\Coding\PathInsights\mcguire_afb_pole\Resource folders\Archive\day 3 set 1\ApplicationFrameHost_030927_as.png,2
D:\Coding\PathInsights\mcguire_afb_pole\Resource folders\Archive\day 3 set 1\ApplicationFrameHost_030932_as.png,2
D:\Coding\PathInsights\mcguire_afb_pole\Resource folders\Archive\day 3 set 1\ApplicationFrameHost_030937_as.png,2
D:\Coding\PathInsights\mcguire_afb_pole\Resource folders\Archive\day 3 set 1\ApplicationFrameHost_030942_as.png,2
D:\Coding\PathInsights\mcguire_afb_pole\Resource folders\Archive\day 3 set 1\ApplicationFrameHost_030947_as.png,1
D:\Coding\PathInsights\mcguire_afb_pole\Resource folders\Archive\day 3 set 1\ApplicationFrameHost_030952_as.png,1
D:\Coding\PathInsights\mcguire_afb_pole\Resource folders\Archive\day 3 set 1\ApplicationFrameHost_030957_as.png,1
D:\Coding\PathInsights\mcguire_afb_pole\Resource folders\Archive\day 3 set 1\ApplicationFrameHost_031002_as.png,1
D:\Coding\PathInsights\mcguire_afb_pole\Resource folders\Archive\day 3 set 1\ApplicationFrameHost_031007_as.png,1
D:\Coding\PathInsights\mcguire_afb_pole\Resource folders\Archive\day 3 set 1\ApplicationFrameHost_031012_as.png,1
D:\Coding\PathInsights\mcguire_afb_pole\Resource folders\Archive\day 3 set 1\ApplicationFrameHost_031017_as.png,1
D:\Coding\PathInsights\mcguire_afb_pole\Resource folders\Archive\day 3 set 1\ApplicationFrameHost_031022_as.png,1
D:\Coding\PathInsights\mcguire_afb_pole\Resource folders\Archive\day 3 set 1\ApplicationFrameHost_031027_as.png,1
D:\Coding\PathInsights\mcguire_afb_pole\Resource folders\Archive\day 3 set 1\ApplicationFrameHost_031032_as.png,1
D:\Coding\PathInsights\mcguire_afb_pole\Resource folders\Archive\day 3 set 2\ApplicationFrameHost_153924_as.png,8
D:\Coding\PathInsights\mcguire_afb_pole\Resource folders\Archive\day 3 set 2\ApplicationFrameHost_153929_as.png,8
D:\Coding\PathInsights\mcguire_afb_pole\Resource folders\Archive\day 3 set 2\ApplicationFrameHost_153934_as.png,None
D:\Coding\PathInsights\mcguire_afb_pole\Resource folders\Archive\day 3 set 2\ApplicationFrameHost_153939_as.png,11
D:\Coding\PathInsights\mcguire_afb_pole\Resource folders\Archive\day 3 set 2\ApplicationFrameHost_153944_as.png,9
D:\Coding\PathInsights\mcguire_afb_pole\Resource folders\Archive\day 3 set 2\ApplicationFrameHost_153949_as.png,9
D:\Coding\PathInsights\mcguire_afb_pole\Resource folders\Archive\day 3 set 2\ApplicationFrameHost_153954_as.png,7
D:\Coding\PathInsights\mcguire_afb_pole\Resource folders\Archive\day 3 set 2\ApplicationFrameHost_153959_as.png,8
D:\Coding\PathInsights\mcguire_afb_pole\Resource folders\Archive\day 3 set 2\ApplicationFrameHost_154004_as.png,8
D:\Coding\PathInsights\mcguire_afb_pole\Resource folders\Archive\day 3 set 2\ApplicationFrameHost_154009_as.png,6
D:\Coding\PathInsights\mcguire_afb_pole\Resource folders\Archive\day 3 set 2\ApplicationFrameHost_154014_as.png,7
D:\Coding\PathInsights\mcguire_afb_pole\Resource folders\Archive\day 3 set 2\ApplicationFrameHost_154019_as.png,7
D:\Coding\PathInsights\mcguire_afb_pole\Resource folders\Archive\day 3 set 2\ApplicationFrameHost_154024_as.png,7
D:\Coding\PathInsights\mcguire_afb_pole\Resource folders\Archive\day 3 set 2\ApplicationFrameHost_154029_as.png,8
D:\Coding\PathInsights\mcguire_afb_pole\Resource folders\Archive\day 3 set 2\ApplicationFrameHost_154034_as.png,8
D:\Coding\PathInsights\mcguire_afb_pole\Resource folders\Archive\day 3 set 2\ApplicationFrameHost_154039_as.png,7
D:\Coding\PathInsights\mcguire_afb_pole\Resource folders\Archive\day 3 set 2\ApplicationFrameHost_154044_as.png,6
D:\Coding\PathInsights\mcguire_afb_pole\Resource folders\Archive\day 3 set 2\ApplicationFrameHost_154049_as.png,9
D:\Coding\PathInsights\mcguire_afb_pole\Resource folders\Archive\day 3 set 2\ApplicationFrameHost_154054_as.png,7
D:\Coding\PathInsights\mcguire_afb_pole\Resource folders\Archive\day 3 set 2\ApplicationFrameHost_154059_as.png,7
D:\Coding\PathInsights\mcguire_afb_pole\Resource folders\Archive\day 3 set 2\ApplicationFrameHost_154104_as.png,6
D:\Coding\PathInsights\mcguire_afb_pole\Resource folders\Archive\day 3 set 2\ApplicationFrameHost_154109_as.png,8
D:\Coding\PathInsights\mcguire_afb_pole\Resource folders\Archive\day 3 set 2\ApplicationFrameHost_154114_as.png,8
D:\Coding\PathInsights\mcguire_afb_pole\Resource folders\Archive\day 3 set 2\ApplicationFrameHost_154119_as.png,8
D:\Coding\PathInsights\mcguire_afb_pole\Resource folders\Archive\day 3 set 2\ApplicationFrameHost_154124_as.png,8
D:\Coding\PathInsights\mcguire_afb_pole\Resource folders\Archive\day 3 set 2\ApplicationFrameHost_154129_as.png,7
D:\Coding\PathInsights\mcguire_afb_pole\Resource folders\Archive\day 3 set 2\ApplicationFrameHost_154134_as.png,9
D:\Coding\PathInsights\mcguire_afb_pole\Resource folders\Archive\day 3 set 2\ApplicationFrameHost_154139_as.png,9
D:\Coding\PathInsights\mcguire_afb_pole\Resource folders\Archive\day 3 set 2\ApplicationFrameHost_154144_as.png,6
D:\Coding\PathInsights\mcguire_afb_pole\Resource folders\Archive\day 3 set 2\ApplicationFrameHost_154149_as.png,7
D:\Coding\PathInsights\mcguire_afb_pole\Resource folders\Archive\day 3 set 2\ApplicationFrameHost_154154_as.png,5
D:\Coding\PathInsights\mcguire_afb_pole\Resource folders\Archive\day 3 set 2\ApplicationFrameHost_154159_as.png,6
D:\Coding\PathInsights\mcguire_afb_pole\Resource folders\Archive\day 3 set 2\ApplicationFrameHost_154204_as.png,7
D:\Coding\PathInsights\mcguire_afb_pole\Resource folders\Archive\day 3 set 2\ApplicationFrameHost_154209_as.png,7
D:\Coding\PathInsights\mcguire_afb_pole\Resource folders\Archive\day 3 set 2\ApplicationFrameHost_154214_as.png,7
D:\Coding\PathInsights\mcguire_afb_pole\Resource folders\Archive\day 3 set 2\ApplicationFrameHost_154219_as.png,8
D:\Coding\PathInsights\mcguire_afb_pole\Resource folders\Archive\day 3 set 2\ApplicationFrameHost_154224_as.png,8
D:\Coding\PathInsights\mcguire_afb_pole\Resource folders\Archive\day 3 set 2\ApplicationFrameHost_154229_as.png,7
D:\Coding\PathInsights\mcguire_afb_pole\Resource folders\Archive\day 3 set 2\ApplicationFrameHost_154234_as.png,6
D:\Coding\PathInsights\mcguire_afb_pole\Resource folders\Archive\day 3 set 2\ApplicationFrameHost_154239_as.png,6
D:\Coding\PathInsights\mcguire_afb_pole\Resource folders\Archive\day 3 set 2\ApplicationFrameHost_154244_as.png,5
D:\Coding\PathInsights\mcguire_afb_pole\Resource folders\Archive\day 3 set 2\ApplicationFrameHost_154249_as.png,8
D:\Coding\PathInsights\mcguire_afb_pole\Resource folders\Archive\day 3 set 2\ApplicationFrameHost_154254_as.png,7
D:\Coding\PathInsights\mcguire_afb_pole\Resource folders\Archive\day 3 set 2\ApplicationFrameHost_154259_as.png,6
D:\Coding\PathInsights\mcguire_afb_pole\Resource folders\Archive\day 3 set 2\ApplicationFrameHost_154304_as.png,6
D:\Coding\PathInsights\mcguire_afb_pole\Resource folders\Archive\day 3 set 2\ApplicationFrameHost_154309_as.png,None
D:\Coding\PathInsights\mcguire_afb_pole\Resource folders\Archive\day 3 set 2\ApplicationFrameHost_154314_as.png,7
D:\Coding\PathInsights\mcguire_afb_pole\Resource folders\Archive\day 3 set 2\ApplicationFrameHost_154319_as.png,8
D:\Coding\PathInsights\mcguire_afb_pole\Resource folders\Archive\day 3 set 2\ApplicationFrameHost_154324_as.png,9
D:\Coding\PathInsights\mcguire_afb_pole\Resource folders\Archive\day 3 set 2\ApplicationFrameHost_154329_as.png,9
D:\Coding\PathInsights\mcguire_afb_pole\Resource folders\Archive\day 3 set 2\ApplicationFrameHost_154334_as.png,8
D:\Coding\PathInsights\mcguire_afb_pole\Resource folders\Archive\day 3 set 2\ApplicationFrameHost_154339_as.png,10
D:\Coding\PathInsights\mcguire_afb_pole\Resource folders\Archive\day 3 set 2\ApplicationFrameHost_154344_as.png,10
D:\Coding\PathInsights\mcguire_afb_pole\Resource folders\Archive\day 3 set 2\ApplicationFrameHost_154349_as.png,9
D:\Coding\PathInsights\mcguire_afb_pole\Resource folders\Archive\day 3 set 2\ApplicationFrameHost_154354_as.png,11
D:\Coding\PathInsights\mcguire_afb_pole\Resource folders\Archive\day 3 set 2\ApplicationFrameHost_154359_as.png,9
D:\Coding\PathInsights\mcguire_afb_pole\Resource folders\Archive\day 3 set 2\ApplicationFrameHost_154404_as.png,9
D:\Coding\PathInsights\mcguire_afb_pole\Resource folders\Archive\day 3 set 2\ApplicationFrameHost_154409_as.png,13
D:\Coding\PathInsights\mcguire_afb_pole\Resource folders\Archive\day 3 set 2\ApplicationFrameHost_154414_as.png,9
D:\Coding\PathInsights\mcguire_afb_pole\Resource folders\Archive\day 4 set 1\ApplicationFrameHost_031347_as.png,3
D:\Coding\PathInsights\mcguire_afb_pole\Resource folders\Archive\day 4 set 1\ApplicationFrameHost_031352_as.png,4
D:\Coding\PathInsights\mcguire_afb_pole\Resource folders\Archive\day 4 set 1\ApplicationFrameHost_031357_as.png,5
D:\Coding\PathInsights\mcguire_afb_pole\Resource folders\Archive\day 4 set 1\ApplicationFrameHost_031402_as.png,6
D:\Coding\PathInsights\mcguire_afb_pole\Resource folders\Archive\day 4 set 1\ApplicationFrameHost_031407_as.png,5
D:\Coding\PathInsights\mcguire_afb_pole\Resource folders\Archive\day 4 set 1\ApplicationFrameHost_031412_as.png,5
D:\Coding\PathInsights\mcguire_afb_pole\Resource folders\Archive\day 4 set 1\ApplicationFrameHost_031417_as.png,5
D:\Coding\PathInsights\mcguire_afb_pole\Resource folders\Archive\day 4 set 1\ApplicationFrameHost_031422_as.png,6
D:\Coding\PathInsights\mcguire_afb_pole\Resource folders\Archive\day 4 set 1\ApplicationFrameHost_031427_as.png,7
D:\Coding\PathInsights\mcguire_afb_pole\Resource folders\Archive\day 4 set 1\ApplicationFrameHost_031432_as.png,6
D:\Coding\PathInsights\mcguire_afb_pole\Resource folders\Archive\day 4 set 1\ApplicationFrameHost_031437_as.png,6
D:\Coding\PathInsights\mcguire_afb_pole\Resource folders\Archive\day 4 set 1\ApplicationFrameHost_031442_as.png,6
D:\Coding\PathInsights\mcguire_afb_pole\Resource folders\Archive\day 4 set 1\ApplicationFrameHost_031447_as.png,5
D:\Coding\PathInsights\mcguire_afb_pole\Resource folders\Archive\day 4 set 1\ApplicationFrameHost_031452_as.png,5
D:\Coding\PathInsights\mcguire_afb_pole\Resource folders\Archive\day 4 set 1\ApplicationFrameHost_031457_as.png,6
D:\Coding\PathInsights\mcguire_afb_pole\Resource folders\Archive\day 4 set 1\ApplicationFrameHost_031502_as.png,6
D:\Coding\PathInsights\mcguire_afb_pole\Resource folders\Archive\day 4 set 1\ApplicationFrameHost_031507_as.png,6
D:\Coding\PathInsights\mcguire_afb_pole\Resource folders\Archive\day 4 set 1\ApplicationFrameHost_031512_as.png,6
D:\Coding\PathInsights\mcguire_afb_pole\Resource folders\Archive\day 4 set 1\ApplicationFrameHost_031517_as.png,5
D:\Coding\PathInsights\mcguire_afb_pole\Resource folders\Archive\day 4 set 1\ApplicationFrameHost_031522_as.png,5
D:\Coding\PathInsights\mcguire_afb_pole\Resource folders\Archive\day 4 set 1\ApplicationFrameHost_031527_as.png,5
D:\Coding\PathInsights\mcguire_afb_pole\Resource folders\Archive\day 4 set 1\ApplicationFrameHost_031532_as.png,5
D:\Coding\PathInsights\mcguire_afb_pole\Resource folders\Archive\day 4 set 1\ApplicationFrameHost_031537_as.png,5
D:\Coding\PathInsights\mcguire_afb_pole\Resource folders\Archive\day 4 set 1\ApplicationFrameHost_031542_as.png,5
D:\Coding\PathInsights\mcguire_afb_pole\Resource folders\Archive\day 4 set 1\ApplicationFrameHost_031547_as.png,5
D:\Coding\PathInsights\mcguire_afb_pole\Resource folders\Archive\day 4 set 1\ApplicationFrameHost_031552_as.png,6
D:\Coding\PathInsights\mcguire_afb_pole\Resource folders\Archive\day 4 set 1\ApplicationFrameHost_031557_as.png,6
D:\Coding\PathInsights\mcguire_afb_pole\Resource folders\Archive\day 4 set 1\ApplicationFrameHost_031602_as.png,5
D:\Coding\PathInsights\mcguire_afb_pole\Resource folders\Archive\day 4 set 1\ApplicationFrameHost_031607_as.png,5
D:\Coding\PathInsights\mcguire_afb_pole\Resource folders\Archive\day 4 set 1\ApplicationFrameHost_031612_as.png,4
D:\Coding\PathInsights\mcguire_afb_pole\Resource folders\Archive\day 4 set 1\ApplicationFrameHost_031617_as.png,3
D:\Coding\PathInsights\mcguire_afb_pole\Resource folders\Archive\day 4 set 1\ApplicationFrameHost_031622_as.png,3
D:\Coding\PathInsights\mcguire_afb_pole\Resource folders\Archive\day 4 set 1\ApplicationFrameHost_031627_as.png,4
D:\Coding\PathInsights\mcguire_afb_pole\Resource folders\Archive\day 4 set 1\ApplicationFrameHost_031632_as.png,4
D:\Coding\PathInsights\mcguire_afb_pole\Resource folders\Archive\day 4 set 1\ApplicationFrameHost_031637_as.png,5
D:\Coding\PathInsights\mcguire_afb_pole\Resource folders\Archive\day 4 set 1\ApplicationFrameHost_031642_as.png,5
D:\Coding\PathInsights\mcguire_afb_pole\Resource folders\Archive\day 4 set 1\ApplicationFrameHost_031647_as.png,6
D:\Coding\PathInsights\mcguire_afb_pole\Resource folders\Archive\day 4 set 1\ApplicationFrameHost_031652_as.png,5
D:\Coding\PathInsights\mcguire_afb_pole\Resource folders\Archive\day 4 set 1\ApplicationFrameHost_031657_as.png,6
D:\Coding\PathInsights\mcguire_afb_pole\Resource folders\Archive\day 4 set 1\ApplicationFrameHost_031702_as.png,6
D:\Coding\PathInsights\mcguire_afb_pole\Resource folders\Archive\day 4 set 1\ApplicationFrameHost_031707_as.png,7
D:\Coding\PathInsights\mcguire_afb_pole\Resource folders\Archive\day 4 set 1\ApplicationFrameHost_031712_as.png,6
D:\Coding\PathInsights\mcguire_afb_pole\Resource folders\Archive\day 4 set 1\ApplicationFrameHost_031717_as.png,6
D:\Coding\PathInsights\mcguire_afb_pole\Resource folders\Archive\day 4 set 1\ApplicationFrameHost_031722_as.png,5
D:\Coding\PathInsights\mcguire_afb_pole\Resource folders\Archive\day 4 set 1\ApplicationFrameHost_031727_as.png,5
D:\Coding\PathInsights\mcguire_afb_pole\Resource folders\Archive\day 4 set 1\ApplicationFrameHost_031732_as.png,5
D:\Coding\PathInsights\mcguire_afb_pole\Resource folders\Archive\day 4 set 1\ApplicationFrameHost_031737_as.png,5
D:\Coding\PathInsights\mcguire_afb_pole\Resource folders\Archive\day 4 set 1\ApplicationFrameHost_031742_as.png,5
D:\Coding\PathInsights\mcguire_afb_pole\Resource folders\Archive\day 4 set 1\ApplicationFrameHost_031747_as.png,5
D:\Coding\PathInsights\mcguire_afb_pole\Resource folders\Archive\day 4 set 1\ApplicationFrameHost_031752_as.png,6
D:\Coding\PathInsights\mcguire_afb_pole\Resource folders\Archive\day 4 set 1\ApplicationFrameHost_031757_as.png,5
D:\Coding\PathInsights\mcguire_afb_pole\Resource folders\Archive\day 4 set 1\ApplicationFrameHost_031802_as.png,6
D:\Coding\PathInsights\mcguire_afb_pole\Resource folders\Archive\day 4 set 1\ApplicationFrameHost_031807_as.png,6
D:\Coding\PathInsights\mcguire_afb_pole\Resource folders\Archive\day 4 set 1\ApplicationFrameHost_031812_as.png,6
D:\Coding\PathInsights\mcguire_afb_pole\Resource folders\Archive\day 4 set 1\ApplicationFrameHost_031817_as.png,5
D:\Coding\PathInsights\mcguire_afb_pole\Resource folders\Archive\day 4 set 1\ApplicationFrameHost_031822_as.png,4
D:\Coding\PathInsights\mcguire_afb_pole\Resource folders\Archive\day 4 set 1\ApplicationFrameHost_031827_as.png,4
D:\Coding\PathInsights\mcguire_afb_pole\Resource folders\Archive\day 4 set 1\ApplicationFrameHost_031832_as.png,None
D:\Coding\PathInsights\mcguire_afb_pole\Resource folders\Archive\day 4 set 1\ApplicationFrameHost_031837_as.png,4
D:\Coding\PathInsights\mcguire_afb_pole\Resource folders\Archive\day 4 set 1\ApplicationFrameHost_031842_as.png,4
D:\Coding\PathInsights\mcguire_afb_pole\Resource folders\Archive\day 4 set 2\ApplicationFrameHost_214505_as.png,2
D:\Coding\PathInsights\mcguire_afb_pole\Resource folders\Archive\day 4 set 2\ApplicationFrameHost_214510_as.png,3
D:\Coding\PathInsights\mcguire_afb_pole\Resource folders\Archive\day 4 set 2\ApplicationFrameHost_214515_as.png,3
D:\Coding\PathInsights\mcguire_afb_pole\Resource folders\Archive\day 4 set 2\ApplicationFrameHost_214520_as.png,2
D:\Coding\PathInsights\mcguire_afb_pole\Resource folders\Archive\day 4 set 2\ApplicationFrameHost_214525_as.png,1
D:\Coding\PathInsights\mcguire_afb_pole\Resource folders\Archive\day 4 set 2\ApplicationFrameHost_214530_as.png,2
D:\Coding\PathInsights\mcguire_afb_pole\Resource folders\Archive\day 4 set 2\ApplicationFrameHost_214535_as.png,1
D:\Coding\PathInsights\mcguire_afb_pole\Resource folders\Archive\day 4 set 2\ApplicationFrameHost_214540_as.png,1
D:\Coding\PathInsights\mcguire_afb_pole\Resource folders\Archive\day 4 set 2\ApplicationFrameHost_214545_as.png,1
D:\Coding\PathInsights\mcguire_afb_pole\Resource folders\Archive\day 4 set 2\ApplicationFrameHost_214550_as.png,2
D:\Coding\PathInsights\mcguire_afb_pole\Resource folders\Archive\day 4 set 2\ApplicationFrameHost_214555_as.png,4
D:\Coding\PathInsights\mcguire_afb_pole\Resource folders\Archive\day 4 set 2\ApplicationFrameHost_214600_as.png,4
D:\Coding\PathInsights\mcguire_afb_pole\Resource folders\Archive\day 4 set 2\ApplicationFrameHost_214605_as.png,3
D:\Coding\PathInsights\mcguire_afb_pole\Resource folders\Archive\day 4 set 2\ApplicationFrameHost_214610_as.png,4
D:\Coding\PathInsights\mcguire_afb_pole\Resource folders\Archive\day 4 set 2\ApplicationFrameHost_214615_as.png,3
D:\Coding\PathInsights\mcguire_afb_pole\Resource folders\Archive\day 4 set 2\ApplicationFrameHost_214620_as.png,5
D:\Coding\PathInsights\mcguire_afb_pole\Resource folders\Archive\day 4 set 2\ApplicationFrameHost_214625_as.png,3
D:\Coding\PathInsights\mcguire_afb_pole\Resource folders\Archive\day 4 set 2\ApplicationFrameHost_214630_as.png,3
D:\Coding\PathInsights\mcguire_afb_pole\Resource folders\Archive\day 4 set 2\ApplicationFrameHost_214635_as.png,3
D:\Coding\PathInsights\mcguire_afb_pole\Resource folders\Archive\day 4 set 2\ApplicationFrameHost_214640_as.png,5
D:\Coding\PathInsights\mcguire_afb_pole\Resource folders\Archive\day 4 set 2\ApplicationFrameHost_214645_as.png,5
D:\Coding\PathInsights\mcguire_afb_pole\Resource folders\Archive\day 4 set 2\ApplicationFrameHost_214650_as.png,4
D:\Coding\PathInsights\mcguire_afb_pole\Resource folders\Archive\day 4 set 2\ApplicationFrameHost_214655_as.png,4
D:\Coding\PathInsights\mcguire_afb_pole\Resource folders\Archive\day 4 set 2\ApplicationFrameHost_214700_as.png,4
D:\Coding\PathInsights\mcguire_afb_pole\Resource folders\Archive\day 4 set 2\ApplicationFrameHost_214705_as.png,4
D:\Coding\PathInsights\mcguire_afb_pole\Resource folders\Archive\day 4 set 2\ApplicationFrameHost_214710_as.png,3
D:\Coding\PathInsights\mcguire_afb_pole\Resource folders\Archive\day 4 set 2\ApplicationFrameHost_214715_as.png,3
D:\Coding\PathInsights\mcguire_afb_pole\Resource folders\Archive\day 4 set 2\ApplicationFrameHost_214720_as.png,4
D:\Coding\PathInsights\mcguire_afb_pole\Resource folders\Archive\day 4 set 2\ApplicationFrameHost_214725_as.png,4
D:\Coding\PathInsights\mcguire_afb_pole\Resource folders\Archive\day 4 set 2\ApplicationFrameHost_214730_as.png,4
D:\Coding\PathInsights\mcguire_afb_pole\Resource folders\Archive\day 4 set 2\ApplicationFrameHost_214735_as.png,3
D:\Coding\PathInsights\mcguire_afb_pole\Resource folders\Archive\day 4 set 2\ApplicationFrameHost_214740_as.png,2
D:\Coding\PathInsights\mcguire_afb_pole\Resource folders\Archive\day 4 set 2\ApplicationFrameHost_214745_as.png,1
D:\Coding\PathInsights\mcguire_afb_pole\Resource folders\Archive\day 4 set 2\ApplicationFrameHost_214750_as.png,1
D:\Coding\PathInsights\mcguire_afb_pole\Resource folders\Archive\day 4 set 2\ApplicationFrameHost_214755_as.png,None
D:\Coding\PathInsights\mcguire_afb_pole\Resource folders\Archive\day 4 set 2\ApplicationFrameHost_214800_as.png,5
D:\Coding\PathInsights\mcguire_afb_pole\Resource folders\Archive\day 4 set 2\ApplicationFrameHost_214805_as.png,4
D:\Coding\PathInsights\mcguire_afb_pole\Resource folders\Archive\day 4 set 2\ApplicationFrameHost_214810_as.png,4
D:\Coding\PathInsights\mcguire_afb_pole\Resource folders\Archive\day 4 set 2\ApplicationFrameHost_214815_as.png,5
D:\Coding\PathInsights\mcguire_afb_pole\Resource folders\Archive\day 4 set 2\ApplicationFrameHost_214820_as.png,5
D:\Coding\PathInsights\mcguire_afb_pole\Resource folders\Archive\day 4 set 2\ApplicationFrameHost_214825_as.png,5
D:\Coding\PathInsights\mcguire_afb_pole\Resource folders\Archive\day 4 set 2\ApplicationFrameHost_214830_as.png,3
D:\Coding\PathInsights\mcguire_afb_pole\Resource folders\Archive\day 4 set 2\ApplicationFrameHost_214835_as.png,2
D:\Coding\PathInsights\mcguire_afb_pole\Resource folders\Archive\day 4 set 2\ApplicationFrameHost_214840_as.png,2
D:\Coding\PathInsights\mcguire_afb_pole\Resource folders\Archive\day 4 set 2\ApplicationFrameHost_214845_as.png,2
D:\Coding\PathInsights\mcguire_afb_pole\Resource folders\Archive\day 4 set 2\ApplicationFrameHost_214850_as.png,3
D:\Coding\PathInsights\mcguire_afb_pole\Resource folders\Archive\day 4 set 2\ApplicationFrameHost_214855_as.png,4
D:\Coding\PathInsights\mcguire_afb_pole\Resource folders\Archive\day 4 set 2\ApplicationFrameHost_214900_as.png,4
D:\Coding\PathInsights\mcguire_afb_pole\Resource folders\Archive\day 4 set 2\ApplicationFrameHost_214905_as.png,3
D:\Coding\PathInsights\mcguire_afb_pole\Resource folders\Archive\day 4 set 2\ApplicationFrameHost_214910_as.png,3
D:\Coding\PathInsights\mcguire_afb_pole\Resource folders\Archive\day 4 set 2\ApplicationFrameHost_214915_as.png,3
D:\Coding\PathInsights\mcguire_afb_pole\Resource folders\Archive\day 4 set 2\ApplicationFrameHost_214920_as.png,2
D:\Coding\PathInsights\mcguire_afb_pole\Resource folders\Archive\day 4 set 2\ApplicationFrameHost_214925_as.png,1
D:\Coding\PathInsights\mcguire_afb_pole\Resource folders\Archive\day 4 set 2\ApplicationFrameHost_214930_as.png,2
D:\Coding\PathInsights\mcguire_afb_pole\Resource folders\Archive\day 4 set 2\ApplicationFrameHost_214935_as.png,2
D:\Coding\PathInsights\mcguire_afb_pole\Resource folders\Archive\day 4 set 2\ApplicationFrameHost_214940_as.png,1
D:\Coding\PathInsights\mcguire_afb_pole\Resource folders\Archive\day 4 set 2\ApplicationFrameHost_214945_as.png,3
D:\Coding\PathInsights\mcguire_afb_pole\Resource folders\Archive\day 4 set 2\ApplicationFrameHost_214950_as.png,3
D:\Coding\PathInsights\mcguire_afb_pole\Resource folders\Archive\day 4 set 2\ApplicationFrameHost_214955_as.png,4
D:\Coding\PathInsights\mcguire_afb_pole\Resource folders\Archive\day 4 set 2\ApplicationFrameHost_215000_as.png,4
D:\Coding\PathInsights\mcguire_afb_pole\Resource folders\Archive\day 5 set 1\ApplicationFrameHost_000452_as.png,3
D:\Coding\PathInsights\mcguire_afb_pole\Resource folders\Archive\day 5 set 1\ApplicationFrameHost_000457_as.png,4
D:\Coding\PathInsights\mcguire_afb_pole\Resource folders\Archive\day 5 set 1\ApplicationFrameHost_000502_as.png,3
D:\Coding\PathInsights\mcguire_afb_pole\Resource folders\Archive\day 5 set 1\ApplicationFrameHost_000507_as.png,3
D:\Coding\PathInsights\mcguire_afb_pole\Resource folders\Archive\day 5 set 1\ApplicationFrameHost_000512_as.png,2
D:\Coding\PathInsights\mcguire_afb_pole\Resource folders\Archive\day 5 set 1\ApplicationFrameHost_000517_as.png,2
D:\Coding\PathInsights\mcguire_afb_pole\Resource folders\Archive\day 5 set 1\ApplicationFrameHost_000522_as.png,1
D:\Coding\PathInsights\mcguire_afb_pole\Resource folders\Archive\day 5 set 1\ApplicationFrameHost_000527_as.png,2
D:\Coding\PathInsights\mcguire_afb_pole\Resource folders\Archive\day 5 set 1\ApplicationFrameHost_000532_as.png,4
D:\Coding\PathInsights\mcguire_afb_pole\Resource folders\Archive\day 5 set 1\ApplicationFrameHost_000537_as.png,5
D:\Coding\PathInsights\mcguire_afb_pole\Resource folders\Archive\day 5 set 1\ApplicationFrameHost_000542_as.png,4
D:\Coding\PathInsights\mcguire_afb_pole\Resource folders\Archive\day 5 set 1\ApplicationFrameHost_000547_as.png,2
D:\Coding\PathInsights\mcguire_afb_pole\Resource folders\Archive\day 5 set 1\ApplicationFrameHost_000552_as.png,None
D:\Coding\PathInsights\mcguire_afb_pole\Resource folders\Archive\day 5 set 1\ApplicationFrameHost_000557_as.png,3
D:\Coding\PathInsights\mcguire_afb_pole\Resource folders\Archive\day 5 set 1\ApplicationFrameHost_000602_as.png,1
D:\Coding\PathInsights\mcguire_afb_pole\Resource folders\Archive\day 5 set 1\ApplicationFrameHost_000607_as.png,3
D:\Coding\PathInsights\mcguire_afb_pole\Resource folders\Archive\day 5 set 1\ApplicationFrameHost_000612_as.png,3
D:\Coding\PathInsights\mcguire_afb_pole\Resource folders\Archive\day 5 set 1\ApplicationFrameHost_000617_as.png,2
D:\Coding\PathInsights\mcguire_afb_pole\Resource folders\Archive\day 5 set 1\ApplicationFrameHost_000622_as.png,1
D:\Coding\PathInsights\mcguire_afb_pole\Resource folders\Archive\day 5 set 1\ApplicationFrameHost_000627_as.png,1
D:\Coding\PathInsights\mcguire_afb_pole\Resource folders\Archive\day 5 set 1\ApplicationFrameHost_000632_as.png,0
D:\Coding\PathInsights\mcguire_afb_pole\Resource folders\Archive\day 5 set 1\ApplicationFrameHost_000637_as.png,0
D:\Coding\PathInsights\mcguire_afb_pole\Resource folders\Archive\day 5 set 1\ApplicationFrameHost_000642_as.png,0
D:\Coding\PathInsights\mcguire_afb_pole\Resource folders\Archive\day 5 set 1\ApplicationFrameHost_000647_as.png,1
D:\Coding\PathInsights\mcguire_afb_pole\Resource folders\Archive\day 5 set 1\ApplicationFrameHost_000652_as.png,1
D:\Coding\PathInsights\mcguire_afb_pole\Resource folders\Archive\day 5 set 1\ApplicationFrameHost_000657_as.png,0
D:\Coding\PathInsights\mcguire_afb_pole\Resource folders\Archive\day 5 set 1\ApplicationFrameHost_000702_as.png,1
D:\Coding\PathInsights\mcguire_afb_pole\Resource folders\Archive\day 5 set 1\ApplicationFrameHost_000707_as.png,2
D:\Coding\PathInsights\mcguire_afb_pole\Resource folders\Archive\day 5 set 1\ApplicationFrameHost_000712_as.png,1
D:\Coding\PathInsights\mcguire_afb_pole\Resource folders\Archive\day 5 set 1\ApplicationFrameHost_000717_as.png,2
D:\Coding\PathInsights\mcguire_afb_pole\Resource folders\Archive\day 5 set 1\ApplicationFrameHost_000722_as.png,2
D:\Coding\PathInsights\mcguire_afb_pole\Resource folders\Archive\day 5 set 1\ApplicationFrameHost_000727_as.png,2
D:\Coding\PathInsights\mcguire_afb_pole\Resource folders\Archive\day 5 set 1\ApplicationFrameHost_000732_as.png,2
D:\Coding\PathInsights\mcguire_afb_pole\Resource folders\Archive\day 5 set 1\ApplicationFrameHost_000737_as.png,None
D:\Coding\PathInsights\mcguire_afb_pole\Resource folders\Archive\day 5 set 1\ApplicationFrameHost_000742_as.png,2
D:\Coding\PathInsights\mcguire_afb_pole\Resource folders\Archive\day 5 set 1\ApplicationFrameHost_000747_as.png,3
D:\Coding\PathInsights\mcguire_afb_pole\Resource folders\Archive\day 5 set 1\ApplicationFrameHost_000752_as.png,4
D:\Coding\PathInsights\mcguire_afb_pole\Resource folders\Archive\day 5 set 1\ApplicationFrameHost_000757_as.png,3
D:\Coding\PathInsights\mcguire_afb_pole\Resource folders\Archive\day 5 set 1\ApplicationFrameHost_000802_as.png,2
D:\Coding\PathInsights\mcguire_afb_pole\Resource folders\Archive\day 5 set 1\ApplicationFrameHost_000807_as.png,2
D:\Coding\PathInsights\mcguire_afb_pole\Resource folders\Archive\day 5 set 1\ApplicationFrameHost_000812_as.png,3
D:\Coding\PathInsights\mcguire_afb_pole\Resource folders\Archive\day 5 set 1\ApplicationFrameHost_000817_as.png,3
D:\Coding\PathInsights\mcguire_afb_pole\Resource folders\Archive\day 5 set 1\ApplicationFrameHost_000822_as.png,3
D:\Coding\PathInsights\mcguire_afb_pole\Resource folders\Archive\day 5 set 1\ApplicationFrameHost_000827_as.png,2
D:\Coding\PathInsights\mcguire_afb_pole\Resource folders\Archive\day 5 set 1\ApplicationFrameHost_000832_as.png,3
D:\Coding\PathInsights\mcguire_afb_pole\Resource folders\Archive\day 5 set 1\ApplicationFrameHost_000837_as.png,1
D:\Coding\PathInsights\mcguire_afb_pole\Resource folders\Archive\day 5 set 1\ApplicationFrameHost_000842_as.png,1
D:\Coding\PathInsights\mcguire_afb_pole\Resource folders\Archive\day 5 set 1\ApplicationFrameHost_000847_as.png,1
D:\Coding\PathInsights\mcguire_afb_pole\Resource folders\Archive\day 5 set 1\ApplicationFrameHost_000852_as.png,2
D:\Coding\PathInsights\mcguire_afb_pole\Resource folders\Archive\day 5 set 1\ApplicationFrameHost_000857_as.png,4
D:\Coding\PathInsights\mcguire_afb_pole\Resource folders\Archive\day 5 set 1\ApplicationFrameHost_000902_as.png,3
D:\Coding\PathInsights\mcguire_afb_pole\Resource folders\Archive\day 5 set 1\ApplicationFrameHost_000907_as.png,2
D:\Coding\PathInsights\mcguire_afb_pole\Resource folders\Archive\day 5 set 1\ApplicationFrameHost_000912_as.png,3
D:\Coding\PathInsights\mcguire_afb_pole\Resource folders\Archive\day 5 set 1\ApplicationFrameHost_000917_as.png,3
D:\Coding\PathInsights\mcguire_afb_pole\Resource folders\Archive\day 5 set 1\ApplicationFrameHost_000922_as.png,None
D:\Coding\PathInsights\mcguire_afb_pole\Resource folders\Archive\day 5 set 1\ApplicationFrameHost_000927_as.png,3
D:\Coding\PathInsights\mcguire_afb_pole\Resource folders\Archive\day 5 set 1\ApplicationFrameHost_000932_as.png,2
D:\Coding\PathInsights\mcguire_afb_pole\Resource folders\Archive\day 5 set 1\ApplicationFrameHost_000937_as.png,2
D:\Coding\PathInsights\mcguire_afb_pole\Resource folders\Archive\day 5 set 1\ApplicationFrameHost_000942_as.png,1
D:\Coding\PathInsights\mcguire_afb_pole\Resource folders\Archive\day 5 set 1\ApplicationFrameHost_000947_as.png,2
D:\Coding\PathInsights\mcguire_afb_pole\Resource folders\Archive\day 5 set 2\ApplicationFrameHost_060621_as.png,1
D:\Coding\PathInsights\mcguire_afb_pole\Resource folders\Archive\day 5 set 2\ApplicationFrameHost_060626_as.png,1
D:\Coding\PathInsights\mcguire_afb_pole\Resource folders\Archive\day 5 set 2\ApplicationFrameHost_060631_as.png,1
D:\Coding\PathInsights\mcguire_afb_pole\Resource folders\Archive\day 5 set 2\ApplicationFrameHost_060636_as.png,1
D:\Coding\PathInsights\mcguire_afb_pole\Resource folders\Archive\day 5 set 2\ApplicationFrameHost_060641_as.png,1
D:\Coding\PathInsights\mcguire_afb_pole\Resource folders\Archive\day 5 set 2\ApplicationFrameHost_060646_as.png,1
D:\Coding\PathInsights\mcguire_afb_pole\Resource folders\Archive\day 5 set 2\ApplicationFrameHost_060651_as.png,1
D:\Coding\PathInsights\mcguire_afb_pole\Resource folders\Archive\day 5 set 2\ApplicationFrameHost_060656_as.png,1
D:\Coding\PathInsights\mcguire_afb_pole\Resource folders\Archive\day 5 set 2\ApplicationFrameHost_060701_as.png,1
D:\Coding\PathInsights\mcguire_afb_pole\Resource folders\Archive\day 5 set 2\ApplicationFrameHost_060706_as.png,1
D:\Coding\PathInsights\mcguire_afb_pole\Resource folders\Archive\day 5 set 2\ApplicationFrameHost_060711_as.png,1
D:\Coding\PathInsights\mcguire_afb_pole\Resource folders\Archive\day 5 set 2\ApplicationFrameHost_060716_as.png,1
D:\Coding\PathInsights\mcguire_afb_pole\Resource folders\Archive\day 5 set 2\ApplicationFrameHost_060721_as.png,1
D:\Coding\PathInsights\mcguire_afb_pole\Resource folders\Archive\day 5 set 2\ApplicationFrameHost_060726_as.png,2
D:\Coding\PathInsights\mcguire_afb_pole\Resource folders\Archive\day 5 set 2\ApplicationFrameHost_060731_as.png,2
D:\Coding\PathInsights\mcguire_afb_pole\Resource folders\Archive\day 5 set 2\ApplicationFrameHost_060736_as.png,1
D:\Coding\PathInsights\mcguire_afb_pole\Resource folders\Archive\day 5 set 2\ApplicationFrameHost_060741_as.png,1
D:\Coding\PathInsights\mcguire_afb_pole\Resource folders\Archive\day 5 set 2\ApplicationFrameHost_060746_as.png,1
D:\Coding\PathInsights\mcguire_afb_pole\Resource folders\Archive\day 5 set 2\ApplicationFrameHost_060751_as.png,0
D:\Coding\PathInsights\mcguire_afb_pole\Resource folders\Archive\day 5 set 2\ApplicationFrameHost_060756_as.png,0
D:\Coding\PathInsights\mcguire_afb_pole\Resource folders\Archive\day 5 set 2\ApplicationFrameHost_060801_as.png,0
D:\Coding\PathInsights\mcguire_afb_pole\Resource folders\Archive\day 5 set 2\ApplicationFrameHost_060806_as.png,1
D:\Coding\PathInsights\mcguire_afb_pole\Resource folders\Archive\day 5 set 2\ApplicationFrameHost_060811_as.png,1
D:\Coding\PathInsights\mcguire_afb_pole\Resource folders\Archive\day 5 set 2\ApplicationFrameHost_060816_as.png,1
D:\Coding\PathInsights\mcguire_afb_pole\Resource folders\Archive\day 5 set 2\ApplicationFrameHost_060821_as.png,1
D:\Coding\PathInsights\mcguire_afb_pole\Resource folders\Archive\day 5 set 2\ApplicationFrameHost_060826_as.png,1
D:\Coding\PathInsights\mcguire_afb_pole\Resource folders\Archive\day 5 set 2\ApplicationFrameHost_060831_as.png,1
D:\Coding\PathInsights\mcguire_afb_pole\Resource folders\Archive\day 5 set 2\ApplicationFrameHost_060836_as.png,1
D:\Coding\PathInsights\mcguire_afb_pole\Resource folders\Archive\day 5 set 2\ApplicationFrameHost_060841_as.png,1
D:\Coding\PathInsights\mcguire_afb_pole\Resource folders\Archive\day 5 set 2\ApplicationFrameHost_060846_as.png,1
D:\Coding\PathInsights\mcguire_afb_pole\Resource folders\Archive\day 5 set 2\ApplicationFrameHost_060851_as.png,0
D:\Coding\PathInsights\mcguire_afb_pole\Resource folders\Archive\day 5 set 2\ApplicationFrameHost_060856_as.png,0
D:\Coding\PathInsights\mcguire_afb_pole\Resource folders\Archive\day 5 set 2\ApplicationFrameHost_060901_as.png,0
D:\Coding\PathInsights\mcguire_afb_pole\Resource folders\Archive\day 5 set 2\ApplicationFrameHost_060906_as.png,0
D:\Coding\PathInsights\mcguire_afb_pole\Resource folders\Archive\day 5 set 2\ApplicationFrameHost_060911_as.png,0
D:\Coding\PathInsights\mcguire_afb_pole\Resource folders\Archive\day 5 set 2\ApplicationFrameHost_060916_as.png,1
D:\Coding\PathInsights\mcguire_afb_pole\Resource folders\Archive\day 5 set 2\ApplicationFrameHost_060921_as.png,1
D:\Coding\PathInsights\mcguire_afb_pole\Resource folders\Archive\day 5 set 2\ApplicationFrameHost_060926_as.png,1
D:\Coding\PathInsights\mcguire_afb_pole\Resource folders\Archive\day 5 set 2\ApplicationFrameHost_060931_as.png,1
D:\Coding\PathInsights\mcguire_afb_pole\Resource folders\Archive\day 5 set 2\ApplicationFrameHost_060936_as.png,1
D:\Coding\PathInsights\mcguire_afb_pole\Resource folders\Archive\day 5 set 2\ApplicationFrameHost_060941_as.png,1
D:\Coding\PathInsights\mcguire_afb_pole\Resource folders\Archive\day 5 set 2\ApplicationFrameHost_060946_as.png,1
D:\Coding\PathInsights\mcguire_afb_pole\Resource folders\Archive\day 5 set 2\ApplicationFrameHost_060951_as.png,1
D:\Coding\PathInsights\mcguire_afb_pole\Resource folders\Archive\day 5 set 2\ApplicationFrameHost_060956_as.png,1
D:\Coding\PathInsights\mcguire_afb_pole\Resource folders\Archive\day 5 set 2\ApplicationFrameHost_061001_as.png,0
D:\Coding\PathInsights\mcguire_afb_pole\Resource folders\Archive\day 5 set 2\ApplicationFrameHost_061006_as.png,0
D:\Coding\PathInsights\mcguire_afb_pole\Resource folders\Archive\day 5 set 2\ApplicationFrameHost_061011_as.png,1
D:\Coding\PathInsights\mcguire_afb_pole\Resource folders\Archive\day 5 set 2\ApplicationFrameHost_061016_as.png,1
D:\Coding\PathInsights\mcguire_afb_pole\Resource folders\Archive\day 5 set 2\ApplicationFrameHost_061021_as.png,1
D:\Coding\PathInsights\mcguire_afb_pole\Resource folders\Archive\day 5 set 2\ApplicationFrameHost_061026_as.png,1
D:\Coding\PathInsights\mcguire_afb_pole\Resource folders\Archive\day 5 set 2\ApplicationFrameHost_061031_as.png,1
D:\Coding\PathInsights\mcguire_afb_pole\Resource folders\Archive\day 5 set 2\ApplicationFrameHost_061036_as.png,1
D:\Coding\PathInsights\mcguire_afb_pole\Resource folders\Archive\day 5 set 2\ApplicationFrameHost_061041_as.png,1
D:\Coding\PathInsights\mcguire_afb_pole\Resource folders\Archive\day 5 set 2\ApplicationFrameHost_061046_as.png,0
D:\Coding\PathInsights\mcguire_afb_pole\Resource folders\Archive\day 5 set 2\ApplicationFrameHost_061051_as.png,0
D:\Coding\PathInsights\mcguire_afb_pole\Resource folders\Archive\day 5 set 2\ApplicationFrameHost_061056_as.png,1
D:\Coding\PathInsights\mcguire_afb_pole\Resource folders\Archive\day 5 set 2\ApplicationFrameHost_061101_as.png,1
D:\Coding\PathInsights\mcguire_afb_pole\Resource folders\Archive\day 5 set 2\ApplicationFrameHost_061106_as.png,1
D:\Coding\PathInsights\mcguire_afb_pole\Resource folders\Archive\day 5 set 2\ApplicationFrameHost_061111_as.png,1
D:\Coding\PathInsights\mcguire_afb_pole\Resource folders\Archive\day 5 set 2\ApplicationFrameHost_061116_as.png,1
